{"cameraMode":{"drawMode":0,"name":"Shaded","section":"Shading Mode"},"sceneLighting":true,"audioPlay":false,"sceneViewState":{"m_AlwaysRefresh":false,"showFog":true,"showSkybox":true,"showFlares":true,"showImageEffects":true,"showParticleSystems":true,"showVisualEffectGraphs":true,"m_FxEnabled":true},"in2DMode":false,"pivot":{"x":-0.1513916552066803,"y":0.4004693031311035,"z":0.6725845336914063},"rotation":{"x":-0.07075031846761704,"y":-0.0053898636251688,"z":0.0003818866971414536,"w":-0.997489333152771},"size":5.749614715576172,"orthographic":false}